{
    "FLUXCALERR_g": {
        "mean": 1.8037419319152832,
        "min": 0.0,
        "std": 5.624750137329102
    },
    "FLUXCALERR_r": {
        "mean": 1.8037419319152832,
        "min": 0.0,
        "std": 5.624750137329102
    },
    "FLUXCAL_g": {
        "mean": 7.430752754211426,
        "min": -1555.324951171875,
        "std": 0.1868690699338913
    },
    "FLUXCAL_r": {
        "mean": 7.430752754211426,
        "min": -1555.324951171875,
        "std": 0.1868690699338913
    },
    "delta_time": {
        "mean": 0.9806643724441528,
        "min": 0.0,
        "std": 2.277538776397705
    }
}