{"vanilla_S_0_CLF_2_R_none_photometry_DF_1.0_N_global_lstm_32x2_0.05_128_True_mean": {"training_time": 21850.58175301552, "AUC": 0.9763197117296589, "Acc": 0.9196086944723345, "loss": 0.19019316336688957}}